hash,bucket,count
add,0,0
add,1,5
add,2,1
add,3,5
add,4,0
add,5,3
add,6,1
add,7,5
add,8,3
add,9,2
add,10,3
add,11,2
add,12,3
add,13,0
add,14,4
add,15,6
add,16,11
add,17,4
add,18,5
add,19,4
add,20,6
add,21,3
add,22,5
add,23,10
add,24,6
add,25,7
add,26,5
add,27,10
add,28,10
add,29,10
add,30,6
add,31,6
add,32,5
add,33,10
add,34,7
add,35,10
add,36,14
add,37,8
add,38,14
add,39,8
add,40,17
add,41,13
add,42,11
add,43,13
add,44,14
add,45,14
add,46,14
add,47,7
add,48,10
add,49,6
add,50,17
add,51,9
add,52,14
add,53,9
add,54,10
add,55,8
add,56,10
add,57,14
add,58,10
add,59,11
add,60,14
add,61,15
add,62,9
add,63,8
add,64,7
add,65,8
add,66,7
add,67,5
add,68,15
add,69,10
add,70,9
add,71,1
add,72,2
add,73,4
add,74,4
add,75,6
add,76,4
add,77,1
add,78,2
add,79,4
add,80,4
add,81,5
add,82,4
add,83,2
add,84,4
add,85,3
add,86,3
add,87,4
add,88,1
add,89,3
add,90,4
add,91,1
add,92,1
add,93,1
add,94,0
add,95,0
add,96,4
add,97,1
add,98,0
add,99,2
add,100,1
add,101,2
add,102,0
add,103,1
add,104,0
add,105,2
add,106,1
add,107,0
add,108,1
add,109,1
add,110,2
add,111,1
add,112,0
add,113,1
add,114,0
add,115,3
add,116,4
add,117,4
add,118,0
add,119,3
add,120,1
add,121,4
add,122,3
add,123,5
add,124,3
add,125,3
add,126,2
add,127,3
add,128,8
add,129,9
add,130,2
add,131,3
add,132,5
add,133,7
add,134,3
add,135,10
add,136,13
add,137,5
add,138,6
add,139,10
add,140,9
add,141,9
add,142,12
add,143,9
add,144,4
add,145,8
add,146,9
add,147,10
add,148,12
add,149,7
add,150,9
add,151,3
add,152,6
add,153,7
add,154,17
add,155,16
add,156,9
add,157,10
add,158,6
add,159,6
add,160,7
add,161,9
add,162,12
add,163,10
add,164,7
add,165,13
add,166,13
add,167,6
add,168,11
add,169,14
add,170,8
add,171,10
add,172,8
add,173,12
add,174,7
add,175,4
add,176,5
add,177,2
add,178,6
add,179,7
add,180,3
add,181,6
add,182,3
add,183,12
add,184,6
add,185,6
add,186,2
add,187,3
add,188,5
add,189,2
add,190,3
add,191,4
add,192,2
add,193,4
add,194,1
add,195,6
add,196,1
add,197,2
add,198,1
add,199,1
add,200,0
add,201,1
add,202,0
add,203,1
add,204,1
add,205,3
add,206,1
add,207,2
add,208,0
add,209,0
add,210,1
add,211,3
add,212,1
add,213,5
add,214,1
add,215,0
add,216,1
add,217,0
add,218,2
add,219,1
add,220,2
add,221,2
add,222,1
add,223,1
add,224,1
add,225,3
add,226,3
add,227,1
add,228,2
add,229,1
add,230,4
add,231,1
add,232,5
add,233,1
add,234,4
add,235,3
add,236,2
add,237,1
add,238,4
add,239,5
add,240,3
add,241,2
add,242,6
add,243,5
add,244,3
add,245,3
add,246,7
add,247,3
add,248,7
add,249,10
add,250,8
add,251,5
add,252,3
add,253,6
add,254,8
add,255,5
add,256,4
add,257,3
add,258,10
add,259,6
add,260,5
add,261,7
add,262,9
add,263,6
add,264,5
add,265,13
add,266,10
add,267,7
add,268,6
add,269,6
add,270,6
add,271,11
add,272,12
add,273,7
add,274,1
add,275,9
add,276,5
add,277,13
add,278,7
add,279,5
add,280,5
add,281,3
add,282,10
add,283,4
add,284,3
add,285,5
add,286,7
add,287,4
add,288,8
add,289,1
add,290,2
add,291,5
add,292,6
add,293,5
add,294,7
add,295,6
add,296,4
add,297,4
add,298,2
add,299,3
add,300,3
add,301,5
add,302,1
add,303,1
add,304,3
add,305,0
add,306,5
add,307,1
add,308,1
add,309,1
add,310,1
add,311,2
add,312,1
add,313,0
add,314,2
add,315,6
add,316,1
add,317,4
add,318,2
add,319,4
add,320,0
add,321,0
add,322,1
add,323,4
add,324,2
add,325,2
add,326,0
add,327,2
add,328,0
add,329,0
add,330,1
add,331,2
add,332,3
add,333,1
add,334,2
add,335,0
add,336,2
add,337,4
add,338,1
add,339,2
add,340,0
add,341,3
add,342,2
add,343,4
add,344,5
add,345,3
add,346,3
add,347,3
add,348,3
add,349,1
add,350,4
add,351,3
add,352,3
add,353,5
add,354,1
add,355,5
add,356,2
add,357,8
add,358,7
add,359,2
add,360,2
add,361,3
add,362,5
add,363,6
add,364,9
add,365,6
add,366,6
add,367,5
add,368,5
add,369,3
add,370,4
add,371,5
add,372,5
add,373,6
add,374,2
add,375,6
add,376,7
add,377,7
add,378,3
add,379,13
add,380,6
add,381,5
add,382,4
add,383,4
add,384,8
add,385,4
add,386,7
add,387,4
add,388,11
add,389,8
add,390,9
add,391,3
add,392,2
add,393,4
add,394,3
add,395,5
add,396,2
add,397,3
add,398,6
add,399,0
add,400,3
add,401,4
add,402,1
add,403,2
add,404,2
add,405,2
add,406,1
add,407,5
add,408,2
add,409,3
add,410,2
add,411,3
add,412,4
add,413,2
add,414,7
add,415,0
add,416,3
add,417,3
add,418,1
add,419,1
add,420,3
add,421,3
add,422,3
add,423,1
add,424,2
add,425,2
add,426,4
add,427,3
add,428,5
add,429,5
add,430,1
add,431,3
add,432,7
add,433,5
add,434,5
add,435,4
add,436,2
add,437,3
add,438,3
add,439,4
add,440,3
add,441,2
add,442,1
add,443,4
add,444,3
add,445,1
add,446,3
add,447,2
add,448,3
add,449,2
add,450,2
add,451,3
add,452,2
add,453,6
add,454,2
add,455,3
add,456,2
add,457,2
add,458,4
add,459,3
add,460,4
add,461,3
add,462,1
add,463,2
add,464,2
add,465,0
add,466,4
add,467,5
add,468,1
add,469,1
add,470,2
add,471,3
add,472,0
add,473,5
add,474,5
add,475,4
add,476,7
add,477,1
add,478,4
add,479,5
add,480,1
add,481,5
add,482,4
add,483,3
add,484,4
add,485,3
add,486,3
add,487,5
add,488,3
add,489,2
add,490,3
add,491,3
add,492,7
add,493,2
add,494,3
add,495,1
add,496,1
add,497,5
add,498,1
add,499,4
add,500,3
add,501,3
add,502,3
add,503,4
add,504,4
add,505,1
add,506,3
add,507,1
add,508,2
add,509,5
add,510,4
add,511,3
add,512,1
add,513,6
add,514,6
add,515,5
add,516,1
add,517,2
add,518,4
add,519,2
add,520,4
add,521,2
add,522,6
add,523,3
add,524,2
add,525,1
add,526,3
add,527,1
add,528,6
add,529,5
add,530,3
add,531,5
add,532,4
add,533,4
add,534,4
add,535,4
add,536,3
add,537,3
add,538,3
add,539,1
add,540,7
add,541,5
add,542,2
add,543,3
add,544,0
add,545,8
add,546,7
add,547,5
add,548,2
add,549,3
add,550,4
add,551,3
add,552,4
add,553,2
add,554,3
add,555,5
add,556,2
add,557,4
add,558,2
add,559,0
add,560,5
add,561,4
add,562,3
add,563,2
add,564,2
add,565,1
add,566,5
add,567,3
add,568,3
add,569,4
add,570,1
add,571,0
add,572,1
add,573,4
add,574,2
add,575,0
add,576,2
add,577,3
add,578,2
add,579,2
add,580,2
add,581,5
add,582,2
add,583,5
add,584,0
add,585,7
add,586,3
add,587,3
add,588,5
add,589,2
add,590,4
add,591,2
add,592,3
add,593,0
add,594,1
add,595,3
add,596,5
add,597,3
add,598,4
add,599,2
add,600,4
add,601,1
add,602,2
add,603,6
add,604,5
add,605,2
add,606,2
add,607,4
add,608,0
add,609,6
add,610,9
add,611,3
add,612,6
add,613,1
add,614,5
add,615,4
add,616,3
add,617,7
add,618,4
add,619,4
add,620,2
add,621,3
add,622,3
add,623,6
add,624,5
add,625,2
add,626,5
add,627,7
add,628,5
add,629,9
add,630,6
add,631,8
add,632,4
add,633,8
add,634,9
add,635,9
add,636,9
add,637,4
add,638,7
add,639,4
add,640,5
add,641,7
add,642,9
add,643,9
add,644,11
add,645,8
add,646,8
add,647,12
add,648,6
add,649,3
add,650,4
add,651,11
add,652,5
add,653,8
add,654,10
add,655,6
add,656,6
add,657,8
add,658,7
add,659,4
add,660,4
add,661,5
add,662,6
add,663,2
add,664,4
add,665,3
add,666,5
add,667,5
add,668,4
add,669,6
add,670,3
add,671,2
add,672,4
add,673,3
add,674,2
add,675,2
add,676,2
add,677,4
add,678,0
add,679,1
add,680,1
add,681,0
add,682,1
add,683,1
add,684,5
add,685,4
add,686,2
add,687,0
add,688,3
add,689,2
add,690,3
add,691,3
add,692,2
add,693,4
add,694,1
add,695,1
add,696,0
add,697,0
add,698,2
add,699,2
add,700,3
add,701,2
add,702,2
add,703,2
add,704,4
add,705,1
add,706,3
add,707,2
add,708,5
add,709,2
add,710,4
add,711,6
add,712,5
add,713,6
add,714,5
add,715,4
add,716,3
add,717,3
add,718,3
add,719,4
add,720,3
add,721,3
add,722,3
add,723,2
add,724,4
add,725,3
add,726,3
add,727,5
add,728,7
add,729,3
add,730,1
add,731,10
add,732,5
add,733,5
add,734,5
add,735,3
add,736,7
add,737,8
add,738,6
add,739,14
add,740,9
add,741,7
add,742,9
add,743,10
add,744,6
add,745,6
add,746,12
add,747,7
add,748,10
add,749,17
add,750,6
add,751,8
add,752,10
add,753,5
add,754,14
add,755,12
add,756,8
add,757,11
add,758,13
add,759,14
add,760,8
add,761,8
add,762,9
add,763,7
add,764,10
add,765,5
add,766,8
add,767,5
add,768,5
add,769,7
add,770,12
add,771,6
add,772,8
add,773,5
add,774,1
add,775,8
add,776,6
add,777,3
add,778,5
add,779,3
add,780,0
add,781,2
add,782,3
add,783,0
add,784,8
add,785,2
add,786,4
add,787,2
add,788,1
add,789,0
add,790,3
add,791,2
add,792,0
add,793,3
add,794,2
add,795,4
add,796,2
add,797,1
add,798,1
add,799,2
add,800,3
add,801,1
add,802,2
add,803,2
add,804,0
add,805,2
add,806,1
add,807,3
add,808,4
add,809,0
add,810,5
add,811,2
add,812,0
add,813,1
add,814,1
add,815,1
add,816,8
add,817,3
add,818,2
add,819,5
add,820,6
add,821,5
add,822,7
add,823,5
add,824,5
add,825,2
add,826,4
add,827,6
add,828,3
add,829,5
add,830,3
add,831,7
add,832,5
add,833,3
add,834,5
add,835,7
add,836,6
add,837,6
add,838,7
add,839,3
add,840,5
add,841,10
add,842,6
add,843,12
add,844,13
add,845,6
add,846,7
add,847,13
add,848,6
add,849,6
add,850,11
add,851,12
add,852,15
add,853,18
add,854,12
add,855,18
add,856,13
add,857,11
add,858,12
add,859,15
add,860,10
add,861,20
add,862,20
add,863,15
add,864,14
add,865,8
add,866,13
add,867,14
add,868,6
add,869,16
add,870,11
add,871,10
add,872,9
add,873,14
add,874,12
add,875,15
add,876,9
add,877,6
add,878,7
add,879,12
add,880,7
add,881,9
add,882,6
add,883,5
add,884,5
add,885,4
add,886,5
add,887,3
add,888,6
add,889,1
add,890,3
add,891,4
add,892,3
add,893,4
add,894,3
add,895,4
add,896,3
add,897,4
add,898,3
add,899,2
add,900,3
add,901,1
add,902,2
add,903,2
add,904,2
add,905,3
add,906,1
add,907,1
add,908,1
add,909,2
add,910,1
add,911,2
add,912,1
add,913,0
add,914,4
add,915,2
add,916,2
add,917,1
add,918,2
add,919,1
add,920,1
add,921,0
add,922,0
add,923,2
add,924,4
add,925,4
add,926,4
add,927,4
add,928,3
add,929,3
add,930,5
add,931,2
add,932,6
add,933,3
add,934,6
add,935,4
add,936,3
add,937,5
add,938,5
add,939,3
add,940,3
add,941,7
add,942,9
add,943,10
add,944,8
add,945,7
add,946,11
add,947,3
add,948,11
add,949,10
add,950,13
add,951,3
add,952,8
add,953,16
add,954,12
add,955,9
add,956,5
add,957,5
add,958,13
add,959,11
add,960,14
add,961,10
add,962,9
add,963,12
add,964,15
add,965,15
add,966,15
add,967,8
add,968,10
add,969,19
add,970,12
add,971,10
add,972,10
add,973,20
add,974,9
add,975,11
add,976,13
add,977,18
add,978,15
add,979,16
add,980,10
add,981,13
add,982,6
add,983,10
add,984,9
add,985,9
add,986,11
add,987,7
add,988,9
add,989,8
add,990,11
add,991,13
add,992,10
add,993,11
add,994,4
add,995,7
add,996,3
add,997,4
add,998,4
add,999,6
add,1000,4
add,1001,3
add,1002,6
add,1003,1
add,1004,3
add,1005,2
add,1006,2
add,1007,2
add,1008,5
add,1009,1
add,1010,0
add,1011,1
add,1012,2
add,1013,1
add,1014,6
add,1015,1
add,1016,1
add,1017,0
add,1018,1
add,1019,1
add,1020,2
add,1021,4
add,1022,3
add,1023,3
add,1024,1
add,1025,2
add,1026,1
add,1027,0
add,1028,2
add,1029,0
add,1030,1
djb2,0,3
djb2,1,2
djb2,2,12
djb2,3,4
djb2,4,2
djb2,5,6
djb2,6,3
djb2,7,5
djb2,8,6
djb2,9,7
djb2,10,5
djb2,11,11
djb2,12,6
djb2,13,5
djb2,14,6
djb2,15,7
djb2,16,1
djb2,17,2
djb2,18,5
djb2,19,5
djb2,20,4
djb2,21,3
djb2,22,3
djb2,23,8
djb2,24,8
djb2,25,5
djb2,26,6
djb2,27,9
djb2,28,2
djb2,29,7
djb2,30,8
djb2,31,5
djb2,32,4
djb2,33,1
djb2,34,3
djb2,35,5
djb2,36,6
djb2,37,5
djb2,38,5
djb2,39,4
djb2,40,4
djb2,41,4
djb2,42,5
djb2,43,5
djb2,44,4
djb2,45,2
djb2,46,8
djb2,47,3
djb2,48,5
djb2,49,6
djb2,50,3
djb2,51,3
djb2,52,4
djb2,53,3
djb2,54,7
djb2,55,4
djb2,56,4
djb2,57,2
djb2,58,4
djb2,59,4
djb2,60,1
djb2,61,3
djb2,62,5
djb2,63,5
djb2,64,3
djb2,65,8
djb2,66,5
djb2,67,6
djb2,68,4
djb2,69,4
djb2,70,5
djb2,71,3
djb2,72,2
djb2,73,7
djb2,74,6
djb2,75,5
djb2,76,12
djb2,77,6
djb2,78,3
djb2,79,3
djb2,80,4
djb2,81,3
djb2,82,5
djb2,83,4
djb2,84,5
djb2,85,5
djb2,86,2
djb2,87,4
djb2,88,4
djb2,89,8
djb2,90,4
djb2,91,2
djb2,92,7
djb2,93,4
djb2,94,3
djb2,95,6
djb2,96,5
djb2,97,2
djb2,98,6
djb2,99,2
djb2,100,1
djb2,101,7
djb2,102,6
djb2,103,3
djb2,104,5
djb2,105,6
djb2,106,6
djb2,107,3
djb2,108,6
djb2,109,5
djb2,110,6
djb2,111,4
djb2,112,4
djb2,113,7
djb2,114,4
djb2,115,2
djb2,116,4
djb2,117,8
djb2,118,2
djb2,119,2
djb2,120,3
djb2,121,6
djb2,122,3
djb2,123,2
djb2,124,2
djb2,125,7
djb2,126,4
djb2,127,2
djb2,128,3
djb2,129,9
djb2,130,5
djb2,131,4
djb2,132,6
djb2,133,7
djb2,134,8
djb2,135,3
djb2,136,5
djb2,137,11
djb2,138,4
djb2,139,9
djb2,140,5
djb2,141,7
djb2,142,3
djb2,143,5
djb2,144,6
djb2,145,7
djb2,146,6
djb2,147,2
djb2,148,2
djb2,149,3
djb2,150,5
djb2,151,6
djb2,152,2
djb2,153,6
djb2,154,2
djb2,155,7
djb2,156,5
djb2,157,3
djb2,158,5
djb2,159,4
djb2,160,4
djb2,161,3
djb2,162,4
djb2,163,6
djb2,164,9
djb2,165,1
djb2,166,2
djb2,167,5
djb2,168,5
djb2,169,5
djb2,170,7
djb2,171,7
djb2,172,4
djb2,173,4
djb2,174,6
djb2,175,1
djb2,176,7
djb2,177,5
djb2,178,7
djb2,179,6
djb2,180,6
djb2,181,5
djb2,182,3
djb2,183,4
djb2,184,4
djb2,185,3
djb2,186,7
djb2,187,2
djb2,188,6
djb2,189,3
djb2,190,3
djb2,191,1
djb2,192,8
djb2,193,7
djb2,194,6
djb2,195,5
djb2,196,8
djb2,197,6
djb2,198,1
djb2,199,2
djb2,200,2
djb2,201,6
djb2,202,8
djb2,203,7
djb2,204,7
djb2,205,4
djb2,206,6
djb2,207,4
djb2,208,4
djb2,209,4
djb2,210,5
djb2,211,3
djb2,212,4
djb2,213,6
djb2,214,2
djb2,215,4
djb2,216,5
djb2,217,3
djb2,218,4
djb2,219,1
djb2,220,8
djb2,221,3
djb2,222,1
djb2,223,6
djb2,224,5
djb2,225,5
djb2,226,5
djb2,227,4
djb2,228,3
djb2,229,4
djb2,230,4
djb2,231,6
djb2,232,2
djb2,233,1
djb2,234,9
djb2,235,6
djb2,236,4
djb2,237,6
djb2,238,4
djb2,239,7
djb2,240,3
djb2,241,4
djb2,242,6
djb2,243,5
djb2,244,5
djb2,245,5
djb2,246,4
djb2,247,5
djb2,248,6
djb2,249,4
djb2,250,1
djb2,251,3
djb2,252,5
djb2,253,5
djb2,254,5
djb2,255,6
djb2,256,9
djb2,257,3
djb2,258,4
djb2,259,3
djb2,260,6
djb2,261,5
djb2,262,1
djb2,263,2
djb2,264,0
djb2,265,0
djb2,266,7
djb2,267,2
djb2,268,2
djb2,269,3
djb2,270,5
djb2,271,4
djb2,272,10
djb2,273,10
djb2,274,3
djb2,275,5
djb2,276,5
djb2,277,7
djb2,278,5
djb2,279,7
djb2,280,6
djb2,281,2
djb2,282,4
djb2,283,5
djb2,284,7
djb2,285,11
djb2,286,3
djb2,287,7
djb2,288,2
djb2,289,1
djb2,290,8
djb2,291,4
djb2,292,4
djb2,293,6
djb2,294,7
djb2,295,3
djb2,296,4
djb2,297,4
djb2,298,7
djb2,299,2
djb2,300,3
djb2,301,7
djb2,302,10
djb2,303,3
djb2,304,6
djb2,305,5
djb2,306,7
djb2,307,2
djb2,308,6
djb2,309,5
djb2,310,3
djb2,311,4
djb2,312,7
djb2,313,2
djb2,314,5
djb2,315,8
djb2,316,6
djb2,317,3
djb2,318,2
djb2,319,3
djb2,320,6
djb2,321,2
djb2,322,5
djb2,323,12
djb2,324,11
djb2,325,1
djb2,326,5
djb2,327,7
djb2,328,8
djb2,329,4
djb2,330,2
djb2,331,3
djb2,332,3
djb2,333,6
djb2,334,7
djb2,335,2
djb2,336,6
djb2,337,5
djb2,338,2
djb2,339,1
djb2,340,7
djb2,341,4
djb2,342,2
djb2,343,8
djb2,344,3
djb2,345,1
djb2,346,3
djb2,347,6
djb2,348,2
djb2,349,5
djb2,350,3
djb2,351,13
djb2,352,4
djb2,353,4
djb2,354,6
djb2,355,4
djb2,356,7
djb2,357,1
djb2,358,1
djb2,359,4
djb2,360,1
djb2,361,7
djb2,362,6
djb2,363,6
djb2,364,4
djb2,365,4
djb2,366,4
djb2,367,6
djb2,368,6
djb2,369,6
djb2,370,4
djb2,371,3
djb2,372,10
djb2,373,5
djb2,374,6
djb2,375,5
djb2,376,4
djb2,377,7
djb2,378,3
djb2,379,0
djb2,380,4
djb2,381,4
djb2,382,9
djb2,383,2
djb2,384,4
djb2,385,1
djb2,386,7
djb2,387,2
djb2,388,2
djb2,389,5
djb2,390,2
djb2,391,5
djb2,392,4
djb2,393,2
djb2,394,5
djb2,395,5
djb2,396,5
djb2,397,5
djb2,398,6
djb2,399,4
djb2,400,5
djb2,401,3
djb2,402,6
djb2,403,9
djb2,404,3
djb2,405,8
djb2,406,5
djb2,407,6
djb2,408,2
djb2,409,2
djb2,410,5
djb2,411,7
djb2,412,5
djb2,413,4
djb2,414,4
djb2,415,8
djb2,416,7
djb2,417,7
djb2,418,3
djb2,419,3
djb2,420,6
djb2,421,9
djb2,422,4
djb2,423,4
djb2,424,3
djb2,425,8
djb2,426,4
djb2,427,6
djb2,428,3
djb2,429,4
djb2,430,4
djb2,431,6
djb2,432,8
djb2,433,4
djb2,434,5
djb2,435,10
djb2,436,10
djb2,437,4
djb2,438,5
djb2,439,4
djb2,440,3
djb2,441,6
djb2,442,9
djb2,443,5
djb2,444,9
djb2,445,4
djb2,446,7
djb2,447,9
djb2,448,6
djb2,449,5
djb2,450,4
djb2,451,5
djb2,452,8
djb2,453,7
djb2,454,10
djb2,455,4
djb2,456,2
djb2,457,5
djb2,458,5
djb2,459,3
djb2,460,5
djb2,461,4
djb2,462,7
djb2,463,8
djb2,464,1
djb2,465,7
djb2,466,5
djb2,467,3
djb2,468,5
djb2,469,2
djb2,470,4
djb2,471,4
djb2,472,3
djb2,473,7
djb2,474,6
djb2,475,4
djb2,476,7
djb2,477,5
djb2,478,9
djb2,479,4
djb2,480,1
djb2,481,6
djb2,482,6
djb2,483,3
djb2,484,4
djb2,485,7
djb2,486,3
djb2,487,5
djb2,488,3
djb2,489,5
djb2,490,5
djb2,491,3
djb2,492,6
djb2,493,4
djb2,494,3
djb2,495,5
djb2,496,4
djb2,497,3
djb2,498,5
djb2,499,4
djb2,500,6
djb2,501,8
djb2,502,3
djb2,503,5
djb2,504,6
djb2,505,6
djb2,506,5
djb2,507,4
djb2,508,7
djb2,509,4
djb2,510,8
djb2,511,4
djb2,512,5
djb2,513,4
djb2,514,5
djb2,515,5
djb2,516,7
djb2,517,7
djb2,518,4
djb2,519,8
djb2,520,7
djb2,521,8
djb2,522,3
djb2,523,5
djb2,524,5
djb2,525,6
djb2,526,7
djb2,527,5
djb2,528,6
djb2,529,2
djb2,530,8
djb2,531,6
djb2,532,2
djb2,533,4
djb2,534,4
djb2,535,7
djb2,536,6
djb2,537,1
djb2,538,4
djb2,539,5
djb2,540,7
djb2,541,5
djb2,542,5
djb2,543,5
djb2,544,8
djb2,545,6
djb2,546,9
djb2,547,5
djb2,548,6
djb2,549,11
djb2,550,5
djb2,551,2
djb2,552,7
djb2,553,6
djb2,554,8
djb2,555,7
djb2,556,7
djb2,557,6
djb2,558,9
djb2,559,8
djb2,560,5
djb2,561,6
djb2,562,6
djb2,563,3
djb2,564,4
djb2,565,8
djb2,566,5
djb2,567,2
djb2,568,6
djb2,569,5
djb2,570,7
djb2,571,7
djb2,572,3
djb2,573,4
djb2,574,3
djb2,575,7
djb2,576,7
djb2,577,9
djb2,578,4
djb2,579,6
djb2,580,3
djb2,581,6
djb2,582,3
djb2,583,6
djb2,584,3
djb2,585,2
djb2,586,4
djb2,587,9
djb2,588,4
djb2,589,3
djb2,590,7
djb2,591,2
djb2,592,6
djb2,593,2
djb2,594,2
djb2,595,7
djb2,596,3
djb2,597,3
djb2,598,6
djb2,599,5
djb2,600,7
djb2,601,8
djb2,602,7
djb2,603,3
djb2,604,4
djb2,605,6
djb2,606,6
djb2,607,5
djb2,608,5
djb2,609,4
djb2,610,3
djb2,611,5
djb2,612,3
djb2,613,4
djb2,614,5
djb2,615,3
djb2,616,9
djb2,617,6
djb2,618,6
djb2,619,3
djb2,620,4
djb2,621,6
djb2,622,4
djb2,623,3
djb2,624,7
djb2,625,2
djb2,626,4
djb2,627,3
djb2,628,7
djb2,629,5
djb2,630,7
djb2,631,5
djb2,632,8
djb2,633,6
djb2,634,3
djb2,635,9
djb2,636,6
djb2,637,3
djb2,638,5
djb2,639,7
djb2,640,4
djb2,641,6
djb2,642,2
djb2,643,7
djb2,644,7
djb2,645,3
djb2,646,9
djb2,647,2
djb2,648,2
djb2,649,7
djb2,650,5
djb2,651,3
djb2,652,2
djb2,653,7
djb2,654,10
djb2,655,7
djb2,656,5
djb2,657,6
djb2,658,3
djb2,659,4
djb2,660,3
djb2,661,3
djb2,662,7
djb2,663,3
djb2,664,7
djb2,665,2
djb2,666,5
djb2,667,7
djb2,668,5
djb2,669,5
djb2,670,4
djb2,671,6
djb2,672,8
djb2,673,3
djb2,674,4
djb2,675,2
djb2,676,4
djb2,677,7
djb2,678,3
djb2,679,4
djb2,680,4
djb2,681,2
djb2,682,6
djb2,683,3
djb2,684,8
djb2,685,7
djb2,686,4
djb2,687,5
djb2,688,8
djb2,689,7
djb2,690,6
djb2,691,4
djb2,692,6
djb2,693,9
djb2,694,4
djb2,695,7
djb2,696,6
djb2,697,5
djb2,698,5
djb2,699,7
djb2,700,7
djb2,701,3
djb2,702,10
djb2,703,7
djb2,704,4
djb2,705,6
djb2,706,5
djb2,707,5
djb2,708,5
djb2,709,7
djb2,710,4
djb2,711,5
djb2,712,3
djb2,713,5
djb2,714,2
djb2,715,1
djb2,716,2
djb2,717,4
djb2,718,7
djb2,719,5
djb2,720,2
djb2,721,6
djb2,722,5
djb2,723,5
djb2,724,6
djb2,725,5
djb2,726,7
djb2,727,5
djb2,728,5
djb2,729,5
djb2,730,8
djb2,731,4
djb2,732,2
djb2,733,0
djb2,734,5
djb2,735,4
djb2,736,6
djb2,737,1
djb2,738,1
djb2,739,5
djb2,740,3
djb2,741,3
djb2,742,3
djb2,743,5
djb2,744,5
djb2,745,2
djb2,746,4
djb2,747,10
djb2,748,6
djb2,749,8
djb2,750,8
djb2,751,3
djb2,752,2
djb2,753,8
djb2,754,6
djb2,755,9
djb2,756,6
djb2,757,4
djb2,758,8
djb2,759,5
djb2,760,3
djb2,761,5
djb2,762,6
djb2,763,5
djb2,764,5
djb2,765,2
djb2,766,3
djb2,767,5
djb2,768,2
djb2,769,9
djb2,770,5
djb2,771,6
djb2,772,9
djb2,773,7
djb2,774,8
djb2,775,2
djb2,776,4
djb2,777,1
djb2,778,6
djb2,779,7
djb2,780,5
djb2,781,8
djb2,782,5
djb2,783,7
djb2,784,5
djb2,785,3
djb2,786,7
djb2,787,5
djb2,788,4
djb2,789,6
djb2,790,8
djb2,791,5
djb2,792,4
djb2,793,2
djb2,794,4
djb2,795,3
djb2,796,9
djb2,797,8
djb2,798,6
djb2,799,5
djb2,800,7
djb2,801,3
djb2,802,4
djb2,803,5
djb2,804,4
djb2,805,2
djb2,806,4
djb2,807,4
djb2,808,2
djb2,809,6
djb2,810,8
djb2,811,9
djb2,812,3
djb2,813,5
djb2,814,6
djb2,815,1
djb2,816,4
djb2,817,5
djb2,818,6
djb2,819,3
djb2,820,0
djb2,821,1
djb2,822,4
djb2,823,5
djb2,824,3
djb2,825,3
djb2,826,7
djb2,827,2
djb2,828,4
djb2,829,2
djb2,830,3
djb2,831,3
djb2,832,3
djb2,833,4
djb2,834,4
djb2,835,1
djb2,836,6
djb2,837,5
djb2,838,1
djb2,839,4
djb2,840,6
djb2,841,3
djb2,842,6
djb2,843,3
djb2,844,9
djb2,845,2
djb2,846,3
djb2,847,4
djb2,848,5
djb2,849,7
djb2,850,7
djb2,851,3
djb2,852,6
djb2,853,4
djb2,854,4
djb2,855,4
djb2,856,3
djb2,857,6
djb2,858,4
djb2,859,8
djb2,860,3
djb2,861,5
djb2,862,3
djb2,863,6
djb2,864,8
djb2,865,4
djb2,866,4
djb2,867,3
djb2,868,2
djb2,869,8
djb2,870,4
djb2,871,5
djb2,872,5
djb2,873,2
djb2,874,2
djb2,875,6
djb2,876,4
djb2,877,8
djb2,878,5
djb2,879,6
djb2,880,4
djb2,881,8
djb2,882,5
djb2,883,9
djb2,884,7
djb2,885,6
djb2,886,6
djb2,887,8
djb2,888,4
djb2,889,7
djb2,890,2
djb2,891,5
djb2,892,6
djb2,893,1
djb2,894,5
djb2,895,4
djb2,896,5
djb2,897,5
djb2,898,7
djb2,899,5
djb2,900,7
djb2,901,1
djb2,902,6
djb2,903,2
djb2,904,3
djb2,905,6
djb2,906,3
djb2,907,1
djb2,908,10
djb2,909,6
djb2,910,4
djb2,911,5
djb2,912,5
djb2,913,7
djb2,914,5
djb2,915,6
djb2,916,7
djb2,917,4
djb2,918,4
djb2,919,6
djb2,920,4
djb2,921,4
djb2,922,4
djb2,923,5
djb2,924,7
djb2,925,2
djb2,926,4
djb2,927,3
djb2,928,8
djb2,929,5
djb2,930,1
djb2,931,4
djb2,932,4
djb2,933,6
djb2,934,4
djb2,935,5
djb2,936,5
djb2,937,9
djb2,938,8
djb2,939,3
djb2,940,6
djb2,941,3
djb2,942,2
djb2,943,9
djb2,944,3
djb2,945,0
djb2,946,3
djb2,947,4
djb2,948,1
djb2,949,3
djb2,950,5
djb2,951,9
djb2,952,2
djb2,953,1
djb2,954,6
djb2,955,7
djb2,956,5
djb2,957,4
djb2,958,5
djb2,959,2
djb2,960,7
djb2,961,6
djb2,962,8
djb2,963,2
djb2,964,5
djb2,965,4
djb2,966,3
djb2,967,2
djb2,968,5
djb2,969,6
djb2,970,5
djb2,971,3
djb2,972,3
djb2,973,5
djb2,974,12
djb2,975,5
djb2,976,3
djb2,977,5
djb2,978,9
djb2,979,4
djb2,980,3
djb2,981,5
djb2,982,5
djb2,983,3
djb2,984,5
djb2,985,5
djb2,986,3
djb2,987,9
djb2,988,6
djb2,989,3
djb2,990,5
djb2,991,4
djb2,992,7
djb2,993,7
djb2,994,3
djb2,995,3
djb2,996,4
djb2,997,5
djb2,998,4
djb2,999,11
djb2,1000,3
djb2,1001,7
djb2,1002,4
djb2,1003,0
djb2,1004,10
djb2,1005,2
djb2,1006,5
djb2,1007,3
djb2,1008,7
djb2,1009,6
djb2,1010,3
djb2,1011,4
djb2,1012,4
djb2,1013,2
djb2,1014,2
djb2,1015,4
djb2,1016,6
djb2,1017,2
djb2,1018,5
djb2,1019,6
djb2,1020,4
djb2,1021,3
djb2,1022,5
djb2,1023,9
djb2,1024,4
djb2,1025,7
djb2,1026,6
djb2,1027,4
djb2,1028,4
djb2,1029,7
djb2,1030,4
fnv1a,0,6
fnv1a,1,2
fnv1a,2,7
fnv1a,3,5
fnv1a,4,2
fnv1a,5,9
fnv1a,6,2
fnv1a,7,6
fnv1a,8,4
fnv1a,9,3
fnv1a,10,10
fnv1a,11,3
fnv1a,12,2
fnv1a,13,4
fnv1a,14,10
fnv1a,15,8
fnv1a,16,7
fnv1a,17,5
fnv1a,18,4
fnv1a,19,4
fnv1a,20,9
fnv1a,21,3
fnv1a,22,3
fnv1a,23,4
fnv1a,24,3
fnv1a,25,4
fnv1a,26,1
fnv1a,27,9
fnv1a,28,4
fnv1a,29,8
fnv1a,30,1
fnv1a,31,2
fnv1a,32,4
fnv1a,33,2
fnv1a,34,9
fnv1a,35,0
fnv1a,36,4
fnv1a,37,2
fnv1a,38,9
fnv1a,39,6
fnv1a,40,5
fnv1a,41,5
fnv1a,42,2
fnv1a,43,4
fnv1a,44,3
fnv1a,45,11
fnv1a,46,5
fnv1a,47,6
fnv1a,48,6
fnv1a,49,2
fnv1a,50,5
fnv1a,51,5
fnv1a,52,6
fnv1a,53,5
fnv1a,54,2
fnv1a,55,4
fnv1a,56,4
fnv1a,57,3
fnv1a,58,10
fnv1a,59,4
fnv1a,60,5
fnv1a,61,6
fnv1a,62,2
fnv1a,63,5
fnv1a,64,4
fnv1a,65,2
fnv1a,66,1
fnv1a,67,4
fnv1a,68,2
fnv1a,69,6
fnv1a,70,4
fnv1a,71,3
fnv1a,72,7
fnv1a,73,6
fnv1a,74,6
fnv1a,75,3
fnv1a,76,3
fnv1a,77,2
fnv1a,78,5
fnv1a,79,5
fnv1a,80,7
fnv1a,81,6
fnv1a,82,8
fnv1a,83,7
fnv1a,84,2
fnv1a,85,5
fnv1a,86,3
fnv1a,87,5
fnv1a,88,5
fnv1a,89,4
fnv1a,90,4
fnv1a,91,6
fnv1a,92,3
fnv1a,93,7
fnv1a,94,4
fnv1a,95,8
fnv1a,96,2
fnv1a,97,5
fnv1a,98,5
fnv1a,99,2
fnv1a,100,8
fnv1a,101,7
fnv1a,102,5
fnv1a,103,7
fnv1a,104,2
fnv1a,105,8
fnv1a,106,6
fnv1a,107,7
fnv1a,108,2
fnv1a,109,5
fnv1a,110,3
fnv1a,111,6
fnv1a,112,2
fnv1a,113,4
fnv1a,114,4
fnv1a,115,8
fnv1a,116,4
fnv1a,117,6
fnv1a,118,6
fnv1a,119,4
fnv1a,120,2
fnv1a,121,6
fnv1a,122,7
fnv1a,123,2
fnv1a,124,6
fnv1a,125,4
fnv1a,126,3
fnv1a,127,3
fnv1a,128,6
fnv1a,129,6
fnv1a,130,6
fnv1a,131,6
fnv1a,132,3
fnv1a,133,7
fnv1a,134,5
fnv1a,135,6
fnv1a,136,5
fnv1a,137,5
fnv1a,138,8
fnv1a,139,2
fnv1a,140,7
fnv1a,141,5
fnv1a,142,5
fnv1a,143,5
fnv1a,144,4
fnv1a,145,4
fnv1a,146,4
fnv1a,147,5
fnv1a,148,8
fnv1a,149,11
fnv1a,150,7
fnv1a,151,3
fnv1a,152,3
fnv1a,153,6
fnv1a,154,3
fnv1a,155,5
fnv1a,156,3
fnv1a,157,6
fnv1a,158,7
fnv1a,159,4
fnv1a,160,5
fnv1a,161,7
fnv1a,162,1
fnv1a,163,8
fnv1a,164,4
fnv1a,165,2
fnv1a,166,4
fnv1a,167,4
fnv1a,168,5
fnv1a,169,4
fnv1a,170,3
fnv1a,171,3
fnv1a,172,10
fnv1a,173,7
fnv1a,174,5
fnv1a,175,4
fnv1a,176,3
fnv1a,177,4
fnv1a,178,3
fnv1a,179,3
fnv1a,180,6
fnv1a,181,12
fnv1a,182,5
fnv1a,183,10
fnv1a,184,7
fnv1a,185,7
fnv1a,186,6
fnv1a,187,3
fnv1a,188,2
fnv1a,189,6
fnv1a,190,4
fnv1a,191,2
fnv1a,192,11
fnv1a,193,3
fnv1a,194,4
fnv1a,195,4
fnv1a,196,6
fnv1a,197,4
fnv1a,198,2
fnv1a,199,5
fnv1a,200,3
fnv1a,201,3
fnv1a,202,3
fnv1a,203,8
fnv1a,204,9
fnv1a,205,3
fnv1a,206,2
fnv1a,207,2
fnv1a,208,5
fnv1a,209,7
fnv1a,210,8
fnv1a,211,4
fnv1a,212,6
fnv1a,213,6
fnv1a,214,6
fnv1a,215,7
fnv1a,216,1
fnv1a,217,6
fnv1a,218,6
fnv1a,219,2
fnv1a,220,8
fnv1a,221,5
fnv1a,222,4
fnv1a,223,1
fnv1a,224,1
fnv1a,225,8
fnv1a,226,6
fnv1a,227,3
fnv1a,228,3
fnv1a,229,6
fnv1a,230,9
fnv1a,231,2
fnv1a,232,5
fnv1a,233,4
fnv1a,234,7
fnv1a,235,6
fnv1a,236,2
fnv1a,237,3
fnv1a,238,3
fnv1a,239,5
fnv1a,240,7
fnv1a,241,4
fnv1a,242,5
fnv1a,243,6
fnv1a,244,6
fnv1a,245,4
fnv1a,246,4
fnv1a,247,4
fnv1a,248,6
fnv1a,249,4
fnv1a,250,7
fnv1a,251,2
fnv1a,252,7
fnv1a,253,2
fnv1a,254,3
fnv1a,255,8
fnv1a,256,4
fnv1a,257,8
fnv1a,258,5
fnv1a,259,4
fnv1a,260,6
fnv1a,261,3
fnv1a,262,6
fnv1a,263,1
fnv1a,264,7
fnv1a,265,6
fnv1a,266,9
fnv1a,267,11
fnv1a,268,4
fnv1a,269,5
fnv1a,270,4
fnv1a,271,1
fnv1a,272,10
fnv1a,273,4
fnv1a,274,3
fnv1a,275,4
fnv1a,276,4
fnv1a,277,8
fnv1a,278,5
fnv1a,279,9
fnv1a,280,5
fnv1a,281,2
fnv1a,282,5
fnv1a,283,6
fnv1a,284,3
fnv1a,285,3
fnv1a,286,5
fnv1a,287,5
fnv1a,288,3
fnv1a,289,6
fnv1a,290,10
fnv1a,291,5
fnv1a,292,5
fnv1a,293,2
fnv1a,294,4
fnv1a,295,5
fnv1a,296,7
fnv1a,297,3
fnv1a,298,3
fnv1a,299,4
fnv1a,300,6
fnv1a,301,4
fnv1a,302,3
fnv1a,303,11
fnv1a,304,2
fnv1a,305,3
fnv1a,306,3
fnv1a,307,5
fnv1a,308,3
fnv1a,309,5
fnv1a,310,3
fnv1a,311,4
fnv1a,312,4
fnv1a,313,0
fnv1a,314,5
fnv1a,315,7
fnv1a,316,5
fnv1a,317,4
fnv1a,318,6
fnv1a,319,8
fnv1a,320,7
fnv1a,321,3
fnv1a,322,2
fnv1a,323,6
fnv1a,324,2
fnv1a,325,4
fnv1a,326,6
fnv1a,327,2
fnv1a,328,5
fnv1a,329,3
fnv1a,330,5
fnv1a,331,8
fnv1a,332,5
fnv1a,333,6
fnv1a,334,4
fnv1a,335,1
fnv1a,336,1
fnv1a,337,7
fnv1a,338,5
fnv1a,339,4
fnv1a,340,6
fnv1a,341,10
fnv1a,342,9
fnv1a,343,3
fnv1a,344,6
fnv1a,345,1
fnv1a,346,5
fnv1a,347,3
fnv1a,348,4
fnv1a,349,5
fnv1a,350,4
fnv1a,351,4
fnv1a,352,6
fnv1a,353,7
fnv1a,354,5
fnv1a,355,4
fnv1a,356,6
fnv1a,357,1
fnv1a,358,1
fnv1a,359,7
fnv1a,360,7
fnv1a,361,5
fnv1a,362,1
fnv1a,363,3
fnv1a,364,5
fnv1a,365,6
fnv1a,366,4
fnv1a,367,5
fnv1a,368,1
fnv1a,369,4
fnv1a,370,1
fnv1a,371,1
fnv1a,372,5
fnv1a,373,6
fnv1a,374,4
fnv1a,375,5
fnv1a,376,4
fnv1a,377,5
fnv1a,378,5
fnv1a,379,4
fnv1a,380,7
fnv1a,381,2
fnv1a,382,6
fnv1a,383,4
fnv1a,384,11
fnv1a,385,7
fnv1a,386,4
fnv1a,387,7
fnv1a,388,7
fnv1a,389,5
fnv1a,390,4
fnv1a,391,5
fnv1a,392,5
fnv1a,393,3
fnv1a,394,3
fnv1a,395,4
fnv1a,396,4
fnv1a,397,5
fnv1a,398,4
fnv1a,399,8
fnv1a,400,3
fnv1a,401,6
fnv1a,402,8
fnv1a,403,5
fnv1a,404,4
fnv1a,405,1
fnv1a,406,6
fnv1a,407,6
fnv1a,408,6
fnv1a,409,4
fnv1a,410,2
fnv1a,411,8
fnv1a,412,6
fnv1a,413,8
fnv1a,414,3
fnv1a,415,7
fnv1a,416,4
fnv1a,417,7
fnv1a,418,7
fnv1a,419,3
fnv1a,420,4
fnv1a,421,4
fnv1a,422,3
fnv1a,423,6
fnv1a,424,7
fnv1a,425,5
fnv1a,426,7
fnv1a,427,2
fnv1a,428,7
fnv1a,429,9
fnv1a,430,6
fnv1a,431,6
fnv1a,432,3
fnv1a,433,9
fnv1a,434,3
fnv1a,435,6
fnv1a,436,5
fnv1a,437,6
fnv1a,438,1
fnv1a,439,7
fnv1a,440,10
fnv1a,441,4
fnv1a,442,3
fnv1a,443,3
fnv1a,444,5
fnv1a,445,7
fnv1a,446,1
fnv1a,447,7
fnv1a,448,3
fnv1a,449,2
fnv1a,450,5
fnv1a,451,6
fnv1a,452,3
fnv1a,453,5
fnv1a,454,4
fnv1a,455,3
fnv1a,456,5
fnv1a,457,7
fnv1a,458,4
fnv1a,459,5
fnv1a,460,6
fnv1a,461,9
fnv1a,462,6
fnv1a,463,6
fnv1a,464,5
fnv1a,465,6
fnv1a,466,6
fnv1a,467,6
fnv1a,468,6
fnv1a,469,0
fnv1a,470,7
fnv1a,471,5
fnv1a,472,1
fnv1a,473,3
fnv1a,474,8
fnv1a,475,2
fnv1a,476,7
fnv1a,477,3
fnv1a,478,9
fnv1a,479,6
fnv1a,480,4
fnv1a,481,4
fnv1a,482,8
fnv1a,483,3
fnv1a,484,4
fnv1a,485,5
fnv1a,486,2
fnv1a,487,6
fnv1a,488,9
fnv1a,489,2
fnv1a,490,7
fnv1a,491,6
fnv1a,492,7
fnv1a,493,8
fnv1a,494,6
fnv1a,495,6
fnv1a,496,2
fnv1a,497,6
fnv1a,498,4
fnv1a,499,6
fnv1a,500,6
fnv1a,501,2
fnv1a,502,5
fnv1a,503,7
fnv1a,504,4
fnv1a,505,8
fnv1a,506,7
fnv1a,507,5
fnv1a,508,3
fnv1a,509,6
fnv1a,510,12
fnv1a,511,5
fnv1a,512,3
fnv1a,513,7
fnv1a,514,5
fnv1a,515,5
fnv1a,516,5
fnv1a,517,3
fnv1a,518,4
fnv1a,519,7
fnv1a,520,4
fnv1a,521,6
fnv1a,522,6
fnv1a,523,3
fnv1a,524,7
fnv1a,525,5
fnv1a,526,4
fnv1a,527,12
fnv1a,528,5
fnv1a,529,8
fnv1a,530,7
fnv1a,531,2
fnv1a,532,5
fnv1a,533,5
fnv1a,534,9
fnv1a,535,5
fnv1a,536,2
fnv1a,537,5
fnv1a,538,1
fnv1a,539,7
fnv1a,540,10
fnv1a,541,4
fnv1a,542,2
fnv1a,543,5
fnv1a,544,6
fnv1a,545,6
fnv1a,546,6
fnv1a,547,3
fnv1a,548,4
fnv1a,549,2
fnv1a,550,3
fnv1a,551,1
fnv1a,552,7
fnv1a,553,9
fnv1a,554,1
fnv1a,555,4
fnv1a,556,6
fnv1a,557,7
fnv1a,558,6
fnv1a,559,1
fnv1a,560,4
fnv1a,561,6
fnv1a,562,8
fnv1a,563,3
fnv1a,564,8
fnv1a,565,6
fnv1a,566,7
fnv1a,567,3
fnv1a,568,10
fnv1a,569,5
fnv1a,570,7
fnv1a,571,3
fnv1a,572,6
fnv1a,573,4
fnv1a,574,6
fnv1a,575,5
fnv1a,576,4
fnv1a,577,3
fnv1a,578,5
fnv1a,579,6
fnv1a,580,2
fnv1a,581,6
fnv1a,582,5
fnv1a,583,3
fnv1a,584,3
fnv1a,585,2
fnv1a,586,4
fnv1a,587,7
fnv1a,588,1
fnv1a,589,7
fnv1a,590,4
fnv1a,591,7
fnv1a,592,4
fnv1a,593,5
fnv1a,594,2
fnv1a,595,4
fnv1a,596,4
fnv1a,597,8
fnv1a,598,4
fnv1a,599,8
fnv1a,600,5
fnv1a,601,10
fnv1a,602,6
fnv1a,603,10
fnv1a,604,1
fnv1a,605,7
fnv1a,606,3
fnv1a,607,9
fnv1a,608,4
fnv1a,609,3
fnv1a,610,4
fnv1a,611,1
fnv1a,612,3
fnv1a,613,6
fnv1a,614,5
fnv1a,615,5
fnv1a,616,2
fnv1a,617,5
fnv1a,618,4
fnv1a,619,8
fnv1a,620,5
fnv1a,621,6
fnv1a,622,3
fnv1a,623,1
fnv1a,624,6
fnv1a,625,8
fnv1a,626,3
fnv1a,627,6
fnv1a,628,4
fnv1a,629,5
fnv1a,630,5
fnv1a,631,4
fnv1a,632,5
fnv1a,633,3
fnv1a,634,6
fnv1a,635,8
fnv1a,636,2
fnv1a,637,6
fnv1a,638,3
fnv1a,639,3
fnv1a,640,4
fnv1a,641,5
fnv1a,642,4
fnv1a,643,2
fnv1a,644,6
fnv1a,645,4
fnv1a,646,3
fnv1a,647,4
fnv1a,648,12
fnv1a,649,4
fnv1a,650,2
fnv1a,651,8
fnv1a,652,7
fnv1a,653,5
fnv1a,654,6
fnv1a,655,2
fnv1a,656,2
fnv1a,657,5
fnv1a,658,4
fnv1a,659,4
fnv1a,660,1
fnv1a,661,4
fnv1a,662,7
fnv1a,663,1
fnv1a,664,3
fnv1a,665,6
fnv1a,666,10
fnv1a,667,1
fnv1a,668,9
fnv1a,669,2
fnv1a,670,5
fnv1a,671,4
fnv1a,672,2
fnv1a,673,2
fnv1a,674,7
fnv1a,675,3
fnv1a,676,8
fnv1a,677,6
fnv1a,678,3
fnv1a,679,4
fnv1a,680,8
fnv1a,681,5
fnv1a,682,3
fnv1a,683,4
fnv1a,684,5
fnv1a,685,6
fnv1a,686,3
fnv1a,687,5
fnv1a,688,6
fnv1a,689,2
fnv1a,690,4
fnv1a,691,4
fnv1a,692,7
fnv1a,693,4
fnv1a,694,7
fnv1a,695,5
fnv1a,696,9
fnv1a,697,6
fnv1a,698,4
fnv1a,699,3
fnv1a,700,6
fnv1a,701,2
fnv1a,702,6
fnv1a,703,7
fnv1a,704,4
fnv1a,705,3
fnv1a,706,6
fnv1a,707,5
fnv1a,708,6
fnv1a,709,5
fnv1a,710,0
fnv1a,711,6
fnv1a,712,0
fnv1a,713,5
fnv1a,714,3
fnv1a,715,7
fnv1a,716,8
fnv1a,717,2
fnv1a,718,4
fnv1a,719,8
fnv1a,720,6
fnv1a,721,8
fnv1a,722,8
fnv1a,723,6
fnv1a,724,5
fnv1a,725,3
fnv1a,726,2
fnv1a,727,7
fnv1a,728,5
fnv1a,729,7
fnv1a,730,8
fnv1a,731,5
fnv1a,732,8
fnv1a,733,4
fnv1a,734,7
fnv1a,735,5
fnv1a,736,1
fnv1a,737,2
fnv1a,738,5
fnv1a,739,3
fnv1a,740,4
fnv1a,741,6
fnv1a,742,12
fnv1a,743,7
fnv1a,744,3
fnv1a,745,6
fnv1a,746,2
fnv1a,747,5
fnv1a,748,6
fnv1a,749,6
fnv1a,750,4
fnv1a,751,7
fnv1a,752,10
fnv1a,753,3
fnv1a,754,1
fnv1a,755,3
fnv1a,756,3
fnv1a,757,7
fnv1a,758,5
fnv1a,759,6
fnv1a,760,5
fnv1a,761,5
fnv1a,762,8
fnv1a,763,4
fnv1a,764,5
fnv1a,765,8
fnv1a,766,3
fnv1a,767,6
fnv1a,768,2
fnv1a,769,4
fnv1a,770,6
fnv1a,771,7
fnv1a,772,4
fnv1a,773,3
fnv1a,774,3
fnv1a,775,4
fnv1a,776,4
fnv1a,777,2
fnv1a,778,6
fnv1a,779,3
fnv1a,780,3
fnv1a,781,2
fnv1a,782,4
fnv1a,783,3
fnv1a,784,4
fnv1a,785,6
fnv1a,786,6
fnv1a,787,7
fnv1a,788,5
fnv1a,789,4
fnv1a,790,5
fnv1a,791,7
fnv1a,792,8
fnv1a,793,7
fnv1a,794,5
fnv1a,795,6
fnv1a,796,5
fnv1a,797,6
fnv1a,798,6
fnv1a,799,8
fnv1a,800,3
fnv1a,801,1
fnv1a,802,6
fnv1a,803,5
fnv1a,804,2
fnv1a,805,4
fnv1a,806,3
fnv1a,807,3
fnv1a,808,2
fnv1a,809,7
fnv1a,810,8
fnv1a,811,3
fnv1a,812,4
fnv1a,813,4
fnv1a,814,4
fnv1a,815,3
fnv1a,816,3
fnv1a,817,3
fnv1a,818,4
fnv1a,819,6
fnv1a,820,5
fnv1a,821,1
fnv1a,822,4
fnv1a,823,5
fnv1a,824,4
fnv1a,825,6
fnv1a,826,3
fnv1a,827,5
fnv1a,828,4
fnv1a,829,7
fnv1a,830,4
fnv1a,831,4
fnv1a,832,7
fnv1a,833,6
fnv1a,834,7
fnv1a,835,3
fnv1a,836,2
fnv1a,837,8
fnv1a,838,3
fnv1a,839,4
fnv1a,840,8
fnv1a,841,6
fnv1a,842,4
fnv1a,843,3
fnv1a,844,1
fnv1a,845,3
fnv1a,846,4
fnv1a,847,0
fnv1a,848,6
fnv1a,849,2
fnv1a,850,1
fnv1a,851,5
fnv1a,852,7
fnv1a,853,4
fnv1a,854,7
fnv1a,855,5
fnv1a,856,9
fnv1a,857,5
fnv1a,858,2
fnv1a,859,7
fnv1a,860,7
fnv1a,861,6
fnv1a,862,4
fnv1a,863,5
fnv1a,864,8
fnv1a,865,7
fnv1a,866,3
fnv1a,867,5
fnv1a,868,5
fnv1a,869,5
fnv1a,870,6
fnv1a,871,5
fnv1a,872,5
fnv1a,873,5
fnv1a,874,8
fnv1a,875,2
fnv1a,876,9
fnv1a,877,5
fnv1a,878,4
fnv1a,879,2
fnv1a,880,4
fnv1a,881,4
fnv1a,882,7
fnv1a,883,4
fnv1a,884,5
fnv1a,885,4
fnv1a,886,9
fnv1a,887,2
fnv1a,888,9
fnv1a,889,5
fnv1a,890,5
fnv1a,891,4
fnv1a,892,8
fnv1a,893,6
fnv1a,894,5
fnv1a,895,4
fnv1a,896,4
fnv1a,897,3
fnv1a,898,3
fnv1a,899,1
fnv1a,900,5
fnv1a,901,4
fnv1a,902,3
fnv1a,903,6
fnv1a,904,2
fnv1a,905,3
fnv1a,906,5
fnv1a,907,5
fnv1a,908,7
fnv1a,909,9
fnv1a,910,5
fnv1a,911,3
fnv1a,912,7
fnv1a,913,1
fnv1a,914,3
fnv1a,915,4
fnv1a,916,7
fnv1a,917,3
fnv1a,918,3
fnv1a,919,8
fnv1a,920,7
fnv1a,921,8
fnv1a,922,4
fnv1a,923,8
fnv1a,924,6
fnv1a,925,2
fnv1a,926,4
fnv1a,927,6
fnv1a,928,5
fnv1a,929,7
fnv1a,930,2
fnv1a,931,6
fnv1a,932,3
fnv1a,933,4
fnv1a,934,4
fnv1a,935,1
fnv1a,936,1
fnv1a,937,1
fnv1a,938,1
fnv1a,939,3
fnv1a,940,8
fnv1a,941,5
fnv1a,942,5
fnv1a,943,4
fnv1a,944,8
fnv1a,945,5
fnv1a,946,6
fnv1a,947,6
fnv1a,948,7
fnv1a,949,6
fnv1a,950,5
fnv1a,951,6
fnv1a,952,3
fnv1a,953,4
fnv1a,954,5
fnv1a,955,3
fnv1a,956,3
fnv1a,957,4
fnv1a,958,3
fnv1a,959,8
fnv1a,960,4
fnv1a,961,7
fnv1a,962,4
fnv1a,963,5
fnv1a,964,6
fnv1a,965,4
fnv1a,966,3
fnv1a,967,5
fnv1a,968,5
fnv1a,969,6
fnv1a,970,3
fnv1a,971,2
fnv1a,972,3
fnv1a,973,8
fnv1a,974,4
fnv1a,975,5
fnv1a,976,6
fnv1a,977,3
fnv1a,978,4
fnv1a,979,5
fnv1a,980,4
fnv1a,981,2
fnv1a,982,2
fnv1a,983,5
fnv1a,984,10
fnv1a,985,7
fnv1a,986,4
fnv1a,987,5
fnv1a,988,4
fnv1a,989,4
fnv1a,990,6
fnv1a,991,6
fnv1a,992,4
fnv1a,993,7
fnv1a,994,5
fnv1a,995,1
fnv1a,996,2
fnv1a,997,6
fnv1a,998,7
fnv1a,999,7
fnv1a,1000,3
fnv1a,1001,1
fnv1a,1002,3
fnv1a,1003,3
fnv1a,1004,2
fnv1a,1005,1
fnv1a,1006,5
fnv1a,1007,5
fnv1a,1008,6
fnv1a,1009,5
fnv1a,1010,4
fnv1a,1011,6
fnv1a,1012,4
fnv1a,1013,2
fnv1a,1014,6
fnv1a,1015,9
fnv1a,1016,3
fnv1a,1017,3
fnv1a,1018,7
fnv1a,1019,5
fnv1a,1020,7
fnv1a,1021,3
fnv1a,1022,6
fnv1a,1023,6
fnv1a,1024,5
fnv1a,1025,7
fnv1a,1026,3
fnv1a,1027,7
fnv1a,1028,10
fnv1a,1029,6
fnv1a,1030,6
stdhash,0,3
stdhash,1,9
stdhash,2,2
stdhash,3,2
stdhash,4,6
stdhash,5,5
stdhash,6,4
stdhash,7,6
stdhash,8,1
stdhash,9,4
stdhash,10,6
stdhash,11,4
stdhash,12,7
stdhash,13,4
stdhash,14,4
stdhash,15,4
stdhash,16,4
stdhash,17,7
stdhash,18,7
stdhash,19,5
stdhash,20,5
stdhash,21,5
stdhash,22,4
stdhash,23,5
stdhash,24,7
stdhash,25,3
stdhash,26,5
stdhash,27,7
stdhash,28,3
stdhash,29,5
stdhash,30,4
stdhash,31,5
stdhash,32,8
stdhash,33,5
stdhash,34,9
stdhash,35,2
stdhash,36,5
stdhash,37,8
stdhash,38,2
stdhash,39,6
stdhash,40,5
stdhash,41,4
stdhash,42,5
stdhash,43,3
stdhash,44,9
stdhash,45,5
stdhash,46,4
stdhash,47,2
stdhash,48,5
stdhash,49,2
stdhash,50,2
stdhash,51,2
stdhash,52,8
stdhash,53,5
stdhash,54,10
stdhash,55,3
stdhash,56,0
stdhash,57,8
stdhash,58,3
stdhash,59,7
stdhash,60,4
stdhash,61,3
stdhash,62,3
stdhash,63,4
stdhash,64,4
stdhash,65,5
stdhash,66,2
stdhash,67,5
stdhash,68,5
stdhash,69,4
stdhash,70,8
stdhash,71,5
stdhash,72,4
stdhash,73,7
stdhash,74,2
stdhash,75,7
stdhash,76,3
stdhash,77,5
stdhash,78,7
stdhash,79,6
stdhash,80,2
stdhash,81,3
stdhash,82,2
stdhash,83,4
stdhash,84,6
stdhash,85,4
stdhash,86,5
stdhash,87,4
stdhash,88,6
stdhash,89,3
stdhash,90,6
stdhash,91,3
stdhash,92,8
stdhash,93,5
stdhash,94,15
stdhash,95,4
stdhash,96,2
stdhash,97,5
stdhash,98,4
stdhash,99,4
stdhash,100,7
stdhash,101,2
stdhash,102,4
stdhash,103,4
stdhash,104,4
stdhash,105,7
stdhash,106,9
stdhash,107,6
stdhash,108,8
stdhash,109,9
stdhash,110,4
stdhash,111,6
stdhash,112,5
stdhash,113,5
stdhash,114,7
stdhash,115,8
stdhash,116,8
stdhash,117,1
stdhash,118,5
stdhash,119,4
stdhash,120,3
stdhash,121,6
stdhash,122,4
stdhash,123,7
stdhash,124,8
stdhash,125,5
stdhash,126,1
stdhash,127,4
stdhash,128,3
stdhash,129,3
stdhash,130,7
stdhash,131,3
stdhash,132,6
stdhash,133,4
stdhash,134,6
stdhash,135,6
stdhash,136,7
stdhash,137,3
stdhash,138,3
stdhash,139,3
stdhash,140,5
stdhash,141,6
stdhash,142,5
stdhash,143,5
stdhash,144,2
stdhash,145,8
stdhash,146,4
stdhash,147,6
stdhash,148,6
stdhash,149,2
stdhash,150,6
stdhash,151,1
stdhash,152,7
stdhash,153,4
stdhash,154,6
stdhash,155,6
stdhash,156,8
stdhash,157,4
stdhash,158,5
stdhash,159,10
stdhash,160,6
stdhash,161,1
stdhash,162,4
stdhash,163,9
stdhash,164,8
stdhash,165,4
stdhash,166,4
stdhash,167,6
stdhash,168,3
stdhash,169,2
stdhash,170,5
stdhash,171,5
stdhash,172,3
stdhash,173,6
stdhash,174,1
stdhash,175,4
stdhash,176,5
stdhash,177,3
stdhash,178,9
stdhash,179,1
stdhash,180,4
stdhash,181,4
stdhash,182,3
stdhash,183,0
stdhash,184,8
stdhash,185,3
stdhash,186,7
stdhash,187,5
stdhash,188,9
stdhash,189,5
stdhash,190,5
stdhash,191,10
stdhash,192,6
stdhash,193,5
stdhash,194,6
stdhash,195,4
stdhash,196,2
stdhash,197,2
stdhash,198,4
stdhash,199,7
stdhash,200,4
stdhash,201,5
stdhash,202,3
stdhash,203,3
stdhash,204,2
stdhash,205,7
stdhash,206,3
stdhash,207,7
stdhash,208,10
stdhash,209,4
stdhash,210,3
stdhash,211,8
stdhash,212,4
stdhash,213,3
stdhash,214,5
stdhash,215,8
stdhash,216,2
stdhash,217,2
stdhash,218,6
stdhash,219,10
stdhash,220,4
stdhash,221,5
stdhash,222,5
stdhash,223,4
stdhash,224,2
stdhash,225,4
stdhash,226,9
stdhash,227,5
stdhash,228,2
stdhash,229,5
stdhash,230,10
stdhash,231,6
stdhash,232,1
stdhash,233,6
stdhash,234,6
stdhash,235,2
stdhash,236,8
stdhash,237,1
stdhash,238,7
stdhash,239,6
stdhash,240,7
stdhash,241,8
stdhash,242,6
stdhash,243,4
stdhash,244,1
stdhash,245,2
stdhash,246,4
stdhash,247,6
stdhash,248,5
stdhash,249,8
stdhash,250,5
stdhash,251,4
stdhash,252,5
stdhash,253,8
stdhash,254,6
stdhash,255,6
stdhash,256,3
stdhash,257,1
stdhash,258,3
stdhash,259,4
stdhash,260,6
stdhash,261,5
stdhash,262,8
stdhash,263,7
stdhash,264,8
stdhash,265,8
stdhash,266,4
stdhash,267,4
stdhash,268,4
stdhash,269,2
stdhash,270,5
stdhash,271,2
stdhash,272,4
stdhash,273,4
stdhash,274,2
stdhash,275,3
stdhash,276,3
stdhash,277,6
stdhash,278,1
stdhash,279,5
stdhash,280,3
stdhash,281,7
stdhash,282,6
stdhash,283,2
stdhash,284,3
stdhash,285,4
stdhash,286,9
stdhash,287,3
stdhash,288,7
stdhash,289,7
stdhash,290,4
stdhash,291,1
stdhash,292,6
stdhash,293,2
stdhash,294,7
stdhash,295,4
stdhash,296,2
stdhash,297,5
stdhash,298,11
stdhash,299,6
stdhash,300,4
stdhash,301,4
stdhash,302,4
stdhash,303,2
stdhash,304,3
stdhash,305,7
stdhash,306,5
stdhash,307,3
stdhash,308,7
stdhash,309,1
stdhash,310,8
stdhash,311,3
stdhash,312,2
stdhash,313,4
stdhash,314,2
stdhash,315,2
stdhash,316,7
stdhash,317,5
stdhash,318,5
stdhash,319,5
stdhash,320,8
stdhash,321,3
stdhash,322,9
stdhash,323,3
stdhash,324,8
stdhash,325,5
stdhash,326,8
stdhash,327,3
stdhash,328,5
stdhash,329,5
stdhash,330,5
stdhash,331,4
stdhash,332,2
stdhash,333,5
stdhash,334,9
stdhash,335,5
stdhash,336,3
stdhash,337,1
stdhash,338,2
stdhash,339,3
stdhash,340,6
stdhash,341,7
stdhash,342,4
stdhash,343,4
stdhash,344,5
stdhash,345,7
stdhash,346,5
stdhash,347,5
stdhash,348,7
stdhash,349,0
stdhash,350,3
stdhash,351,4
stdhash,352,4
stdhash,353,3
stdhash,354,6
stdhash,355,6
stdhash,356,7
stdhash,357,8
stdhash,358,6
stdhash,359,4
stdhash,360,5
stdhash,361,5
stdhash,362,3
stdhash,363,4
stdhash,364,6
stdhash,365,7
stdhash,366,0
stdhash,367,7
stdhash,368,2
stdhash,369,7
stdhash,370,3
stdhash,371,3
stdhash,372,9
stdhash,373,4
stdhash,374,7
stdhash,375,1
stdhash,376,3
stdhash,377,6
stdhash,378,3
stdhash,379,4
stdhash,380,4
stdhash,381,2
stdhash,382,5
stdhash,383,6
stdhash,384,7
stdhash,385,7
stdhash,386,6
stdhash,387,4
stdhash,388,7
stdhash,389,3
stdhash,390,4
stdhash,391,6
stdhash,392,6
stdhash,393,7
stdhash,394,4
stdhash,395,2
stdhash,396,6
stdhash,397,10
stdhash,398,4
stdhash,399,7
stdhash,400,5
stdhash,401,6
stdhash,402,3
stdhash,403,4
stdhash,404,8
stdhash,405,1
stdhash,406,6
stdhash,407,2
stdhash,408,1
stdhash,409,5
stdhash,410,6
stdhash,411,9
stdhash,412,5
stdhash,413,4
stdhash,414,9
stdhash,415,5
stdhash,416,6
stdhash,417,8
stdhash,418,1
stdhash,419,2
stdhash,420,2
stdhash,421,6
stdhash,422,4
stdhash,423,5
stdhash,424,3
stdhash,425,5
stdhash,426,6
stdhash,427,7
stdhash,428,4
stdhash,429,8
stdhash,430,3
stdhash,431,3
stdhash,432,3
stdhash,433,4
stdhash,434,1
stdhash,435,4
stdhash,436,2
stdhash,437,5
stdhash,438,3
stdhash,439,5
stdhash,440,7
stdhash,441,4
stdhash,442,8
stdhash,443,12
stdhash,444,7
stdhash,445,6
stdhash,446,3
stdhash,447,2
stdhash,448,7
stdhash,449,4
stdhash,450,2
stdhash,451,4
stdhash,452,4
stdhash,453,3
stdhash,454,5
stdhash,455,5
stdhash,456,5
stdhash,457,9
stdhash,458,5
stdhash,459,5
stdhash,460,9
stdhash,461,5
stdhash,462,9
stdhash,463,6
stdhash,464,2
stdhash,465,0
stdhash,466,6
stdhash,467,5
stdhash,468,4
stdhash,469,8
stdhash,470,5
stdhash,471,8
stdhash,472,5
stdhash,473,3
stdhash,474,6
stdhash,475,6
stdhash,476,4
stdhash,477,5
stdhash,478,4
stdhash,479,10
stdhash,480,3
stdhash,481,5
stdhash,482,6
stdhash,483,6
stdhash,484,3
stdhash,485,2
stdhash,486,5
stdhash,487,3
stdhash,488,8
stdhash,489,6
stdhash,490,9
stdhash,491,4
stdhash,492,5
stdhash,493,6
stdhash,494,2
stdhash,495,3
stdhash,496,4
stdhash,497,5
stdhash,498,7
stdhash,499,3
stdhash,500,5
stdhash,501,7
stdhash,502,8
stdhash,503,9
stdhash,504,3
stdhash,505,9
stdhash,506,2
stdhash,507,3
stdhash,508,2
stdhash,509,2
stdhash,510,8
stdhash,511,8
stdhash,512,2
stdhash,513,4
stdhash,514,3
stdhash,515,6
stdhash,516,5
stdhash,517,5
stdhash,518,4
stdhash,519,5
stdhash,520,5
stdhash,521,6
stdhash,522,6
stdhash,523,2
stdhash,524,7
stdhash,525,2
stdhash,526,2
stdhash,527,6
stdhash,528,9
stdhash,529,6
stdhash,530,3
stdhash,531,7
stdhash,532,5
stdhash,533,4
stdhash,534,3
stdhash,535,4
stdhash,536,5
stdhash,537,8
stdhash,538,2
stdhash,539,2
stdhash,540,7
stdhash,541,8
stdhash,542,4
stdhash,543,5
stdhash,544,6
stdhash,545,3
stdhash,546,5
stdhash,547,5
stdhash,548,3
stdhash,549,7
stdhash,550,3
stdhash,551,5
stdhash,552,6
stdhash,553,6
stdhash,554,3
stdhash,555,8
stdhash,556,2
stdhash,557,3
stdhash,558,5
stdhash,559,4
stdhash,560,7
stdhash,561,3
stdhash,562,6
stdhash,563,6
stdhash,564,6
stdhash,565,8
stdhash,566,3
stdhash,567,2
stdhash,568,6
stdhash,569,3
stdhash,570,5
stdhash,571,1
stdhash,572,4
stdhash,573,4
stdhash,574,3
stdhash,575,1
stdhash,576,4
stdhash,577,4
stdhash,578,7
stdhash,579,7
stdhash,580,3
stdhash,581,8
stdhash,582,5
stdhash,583,10
stdhash,584,5
stdhash,585,5
stdhash,586,1
stdhash,587,8
stdhash,588,7
stdhash,589,6
stdhash,590,6
stdhash,591,5
stdhash,592,6
stdhash,593,4
stdhash,594,5
stdhash,595,4
stdhash,596,8
stdhash,597,2
stdhash,598,2
stdhash,599,4
stdhash,600,8
stdhash,601,6
stdhash,602,2
stdhash,603,7
stdhash,604,4
stdhash,605,3
stdhash,606,4
stdhash,607,6
stdhash,608,6
stdhash,609,7
stdhash,610,3
stdhash,611,4
stdhash,612,3
stdhash,613,5
stdhash,614,1
stdhash,615,6
stdhash,616,2
stdhash,617,3
stdhash,618,3
stdhash,619,2
stdhash,620,3
stdhash,621,8
stdhash,622,0
stdhash,623,4
stdhash,624,6
stdhash,625,1
stdhash,626,1
stdhash,627,7
stdhash,628,6
stdhash,629,4
stdhash,630,7
stdhash,631,2
stdhash,632,3
stdhash,633,5
stdhash,634,3
stdhash,635,5
stdhash,636,5
stdhash,637,6
stdhash,638,2
stdhash,639,7
stdhash,640,6
stdhash,641,5
stdhash,642,8
stdhash,643,5
stdhash,644,6
stdhash,645,6
stdhash,646,5
stdhash,647,6
stdhash,648,8
stdhash,649,5
stdhash,650,1
stdhash,651,4
stdhash,652,12
stdhash,653,6
stdhash,654,5
stdhash,655,4
stdhash,656,7
stdhash,657,6
stdhash,658,6
stdhash,659,8
stdhash,660,4
stdhash,661,4
stdhash,662,4
stdhash,663,9
stdhash,664,5
stdhash,665,6
stdhash,666,6
stdhash,667,5
stdhash,668,6
stdhash,669,10
stdhash,670,5
stdhash,671,4
stdhash,672,8
stdhash,673,5
stdhash,674,5
stdhash,675,6
stdhash,676,1
stdhash,677,5
stdhash,678,2
stdhash,679,3
stdhash,680,4
stdhash,681,1
stdhash,682,3
stdhash,683,3
stdhash,684,3
stdhash,685,8
stdhash,686,5
stdhash,687,7
stdhash,688,7
stdhash,689,4
stdhash,690,5
stdhash,691,7
stdhash,692,7
stdhash,693,4
stdhash,694,5
stdhash,695,6
stdhash,696,10
stdhash,697,1
stdhash,698,7
stdhash,699,3
stdhash,700,6
stdhash,701,6
stdhash,702,4
stdhash,703,7
stdhash,704,1
stdhash,705,3
stdhash,706,9
stdhash,707,3
stdhash,708,3
stdhash,709,7
stdhash,710,2
stdhash,711,9
stdhash,712,1
stdhash,713,8
stdhash,714,2
stdhash,715,2
stdhash,716,6
stdhash,717,1
stdhash,718,5
stdhash,719,6
stdhash,720,5
stdhash,721,5
stdhash,722,7
stdhash,723,4
stdhash,724,5
stdhash,725,5
stdhash,726,10
stdhash,727,4
stdhash,728,2
stdhash,729,2
stdhash,730,2
stdhash,731,5
stdhash,732,2
stdhash,733,7
stdhash,734,3
stdhash,735,3
stdhash,736,4
stdhash,737,6
stdhash,738,5
stdhash,739,8
stdhash,740,3
stdhash,741,2
stdhash,742,5
stdhash,743,8
stdhash,744,8
stdhash,745,3
stdhash,746,8
stdhash,747,7
stdhash,748,4
stdhash,749,3
stdhash,750,6
stdhash,751,2
stdhash,752,1
stdhash,753,6
stdhash,754,7
stdhash,755,4
stdhash,756,3
stdhash,757,3
stdhash,758,4
stdhash,759,8
stdhash,760,1
stdhash,761,3
stdhash,762,10
stdhash,763,2
stdhash,764,8
stdhash,765,5
stdhash,766,6
stdhash,767,9
stdhash,768,2
stdhash,769,5
stdhash,770,3
stdhash,771,4
stdhash,772,7
stdhash,773,8
stdhash,774,10
stdhash,775,1
stdhash,776,5
stdhash,777,6
stdhash,778,3
stdhash,779,5
stdhash,780,6
stdhash,781,7
stdhash,782,9
stdhash,783,7
stdhash,784,4
stdhash,785,3
stdhash,786,8
stdhash,787,1
stdhash,788,4
stdhash,789,5
stdhash,790,9
stdhash,791,7
stdhash,792,7
stdhash,793,5
stdhash,794,1
stdhash,795,5
stdhash,796,5
stdhash,797,4
stdhash,798,7
stdhash,799,11
stdhash,800,4
stdhash,801,5
stdhash,802,4
stdhash,803,4
stdhash,804,4
stdhash,805,8
stdhash,806,6
stdhash,807,2
stdhash,808,5
stdhash,809,4
stdhash,810,6
stdhash,811,4
stdhash,812,6
stdhash,813,2
stdhash,814,6
stdhash,815,9
stdhash,816,3
stdhash,817,4
stdhash,818,5
stdhash,819,1
stdhash,820,4
stdhash,821,7
stdhash,822,4
stdhash,823,3
stdhash,824,3
stdhash,825,8
stdhash,826,5
stdhash,827,4
stdhash,828,6
stdhash,829,4
stdhash,830,5
stdhash,831,6
stdhash,832,6
stdhash,833,3
stdhash,834,4
stdhash,835,5
stdhash,836,3
stdhash,837,5
stdhash,838,4
stdhash,839,6
stdhash,840,4
stdhash,841,3
stdhash,842,9
stdhash,843,3
stdhash,844,5
stdhash,845,8
stdhash,846,7
stdhash,847,5
stdhash,848,5
stdhash,849,8
stdhash,850,4
stdhash,851,2
stdhash,852,4
stdhash,853,2
stdhash,854,3
stdhash,855,4
stdhash,856,7
stdhash,857,6
stdhash,858,3
stdhash,859,8
stdhash,860,6
stdhash,861,2
stdhash,862,5
stdhash,863,5
stdhash,864,4
stdhash,865,8
stdhash,866,7
stdhash,867,7
stdhash,868,5
stdhash,869,5
stdhash,870,4
stdhash,871,5
stdhash,872,7
stdhash,873,12
stdhash,874,4
stdhash,875,3
stdhash,876,5
stdhash,877,8
stdhash,878,2
stdhash,879,7
stdhash,880,3
stdhash,881,7
stdhash,882,3
stdhash,883,3
stdhash,884,9
stdhash,885,4
stdhash,886,3
stdhash,887,6
stdhash,888,3
stdhash,889,5
stdhash,890,5
stdhash,891,5
stdhash,892,3
stdhash,893,1
stdhash,894,8
stdhash,895,3
stdhash,896,2
stdhash,897,5
stdhash,898,8
stdhash,899,5
stdhash,900,5
stdhash,901,9
stdhash,902,4
stdhash,903,6
stdhash,904,3
stdhash,905,2
stdhash,906,1
stdhash,907,8
stdhash,908,1
stdhash,909,6
stdhash,910,3
stdhash,911,5
stdhash,912,3
stdhash,913,6
stdhash,914,4
stdhash,915,5
stdhash,916,5
stdhash,917,5
stdhash,918,4
stdhash,919,10
stdhash,920,4
stdhash,921,5
stdhash,922,4
stdhash,923,6
stdhash,924,7
stdhash,925,6
stdhash,926,4
stdhash,927,9
stdhash,928,4
stdhash,929,4
stdhash,930,3
stdhash,931,6
stdhash,932,4
stdhash,933,4
stdhash,934,6
stdhash,935,5
stdhash,936,5
stdhash,937,5
stdhash,938,4
stdhash,939,10
stdhash,940,6
stdhash,941,3
stdhash,942,9
stdhash,943,8
stdhash,944,2
stdhash,945,1
stdhash,946,5
stdhash,947,6
stdhash,948,2
stdhash,949,3
stdhash,950,6
stdhash,951,6
stdhash,952,2
stdhash,953,3
stdhash,954,3
stdhash,955,2
stdhash,956,2
stdhash,957,4
stdhash,958,4
stdhash,959,10
stdhash,960,3
stdhash,961,2
stdhash,962,8
stdhash,963,1
stdhash,964,2
stdhash,965,0
stdhash,966,6
stdhash,967,3
stdhash,968,3
stdhash,969,5
stdhash,970,6
stdhash,971,1
stdhash,972,5
stdhash,973,3
stdhash,974,3
stdhash,975,5
stdhash,976,3
stdhash,977,6
stdhash,978,3
stdhash,979,5
stdhash,980,4
stdhash,981,5
stdhash,982,3
stdhash,983,4
stdhash,984,2
stdhash,985,4
stdhash,986,6
stdhash,987,6
stdhash,988,3
stdhash,989,4
stdhash,990,4
stdhash,991,7
stdhash,992,7
stdhash,993,5
stdhash,994,7
stdhash,995,1
stdhash,996,3
stdhash,997,8
stdhash,998,8
stdhash,999,7
stdhash,1000,4
stdhash,1001,5
stdhash,1002,7
stdhash,1003,5
stdhash,1004,5
stdhash,1005,5
stdhash,1006,3
stdhash,1007,9
stdhash,1008,4
stdhash,1009,4
stdhash,1010,4
stdhash,1011,6
stdhash,1012,2
stdhash,1013,1
stdhash,1014,7
stdhash,1015,0
stdhash,1016,5
stdhash,1017,6
stdhash,1018,4
stdhash,1019,5
stdhash,1020,4
stdhash,1021,4
stdhash,1022,3
stdhash,1023,4
stdhash,1024,8
stdhash,1025,7
stdhash,1026,4
stdhash,1027,5
stdhash,1028,8
stdhash,1029,7
stdhash,1030,6
